{
  "Rainforest Conservation Project": {
    "total_funding": 5.0,
    "funders": {
      "0x90F79bf6EB2c4f870365E785982E1f101E93b906": {
        "amount": 5.0,
        "projects": [
          "0xa12fFA0B9f159BB4C54bce579611927Addc51610",
          "0x5E3d0fdE6f793B3115A9E7f5EBC195bbeeD35d6C"
        ]
      }
    },
    "projects": [
      {
        "address": "0x5E3d0fdE6f793B3115A9E7f5EBC195bbeeD35d6C",
        "state": 1,
        "goal": 2.5
      },
      {
        "address": "0xa12fFA0B9f159BB4C54bce579611927Addc51610",
        "state": 1,
        "goal": 2.5
      }
    ],
    "states": {
      "1": 2
    }
  },
  "Rainforest Conservation Brazil": {
    "total_funding": 5.0,
    "funders": {
      "0x90F79bf6EB2c4f870365E785982E1f101E93b906": {
        "amount": 2.25,
        "projects": [
          "0x53839913417ebc7171723489F29B9B54F49b4EEA"
        ]
      },
      "0x23618e81E3f5cdF7f54C3d65f7FBc0aBf5B21E8f": {
        "amount": 2.75,
        "projects": [
          "0x53839913417ebc7171723489F29B9B54F49b4EEA"
        ]
      }
    },
    "projects": [
      {
        "address": "0x53839913417ebc7171723489F29B9B54F49b4EEA",
        "state": 1,
        "goal": 5.0
      }
    ],
    "states": {
      "1": 1
    }
  },
  "Solar Farm Indonesia": {
    "total_funding": 4.8999999999999995,
    "funders": {
      "0x90F79bf6EB2c4f870365E785982E1f101E93b906": {
        "amount": 1.4699999999999998,
        "projects": [
          "0xB6351eA8b3d83ab563b4d1Fb7818eC231205AF68"
        ]
      },
      "0x23618e81E3f5cdF7f54C3d65f7FBc0aBf5B21E8f": {
        "amount": 1.7966666666666666,
        "projects": [
          "0xB6351eA8b3d83ab563b4d1Fb7818eC231205AF68"
        ]
      },
      "0xa0Ee7A142d267C1f36714E4a8F75612F20a79720": {
        "amount": 1.6333333333333329,
        "projects": [
          "0xB6351eA8b3d83ab563b4d1Fb7818eC231205AF68"
        ]
      }
    },
    "projects": [
      {
        "address": "0xB6351eA8b3d83ab563b4d1Fb7818eC231205AF68",
        "state": 0,
        "goal": 4.8999999999999995
      }
    ],
    "states": {
      "0": 1
    }
  },
  "Wind Energy Project India": {
    "total_funding": 6.0,
    "funders": {
      "0x90F79bf6EB2c4f870365E785982E1f101E93b906": {
        "amount": 2.7,
        "projects": [
          "0x36b6CbC8ecEeEcA6929A62a1115008A6691A51F9"
        ]
      },
      "0x23618e81E3f5cdF7f54C3d65f7FBc0aBf5B21E8f": {
        "amount": 3.3,
        "projects": [
          "0x36b6CbC8ecEeEcA6929A62a1115008A6691A51F9"
        ]
      }
    },
    "projects": [
      {
        "address": "0x36b6CbC8ecEeEcA6929A62a1115008A6691A51F9",
        "state": 1,
        "goal": 6.0
      }
    ],
    "states": {
      "1": 1
    }
  },
  "Mangrove Restoration Thailand": {
    "total_funding": 3.0,
    "funders": {
      "0x90F79bf6EB2c4f870365E785982E1f101E93b906": {
        "amount": 0.9,
        "projects": [
          "0xe3B2566ff5823ad51397460f5bcFAecE183B50BE"
        ]
      },
      "0x23618e81E3f5cdF7f54C3d65f7FBc0aBf5B21E8f": {
        "amount": 1.1,
        "projects": [
          "0xe3B2566ff5823ad51397460f5bcFAecE183B50BE"
        ]
      },
      "0xa0Ee7A142d267C1f36714E4a8F75612F20a79720": {
        "amount": 1.0,
        "projects": [
          "0xe3B2566ff5823ad51397460f5bcFAecE183B50BE"
        ]
      }
    },
    "projects": [
      {
        "address": "0xe3B2566ff5823ad51397460f5bcFAecE183B50BE",
        "state": 1,
        "goal": 3.0
      }
    ],
    "states": {
      "1": 1
    }
  }
}