{
  "Urunday Afforestation Project": {
    "total_funding": 0.000222222222222222,
    "funders": {
      "0xBBD42298fC31a6bE5e40f0b5a52600368572D194": {
        "amount": 0.000222222222222222,
        "projects": [
          "0xCafac3dD18aC6c6e92c921884f9E4176737C052c"
        ]
      }
    },
    "projects": [
      {
        "address": "0xCafac3dD18aC6c6e92c921884f9E4176737C052c",
        "state": 1,
        "goal": 0.000222222222222222
      }
    ],
    "states": {
      "1": 1
    }
  }
}